sale_id,product_id,customer_id,sale_price,quantity,sale_date,total_amount,VIP_status
1001,P101,C_001,150.0,2,2023-01-15,300.0,Non-VIP
1002,P102,C_002,75.0,3,,225.0,Non-VIP
1003,P103,C_001,250.5,1,2023-01-25,250.5,Non-VIP
1004,P101,C_003,150.0,4,2023-02-01,600.0,Non-VIP
1005,P104,C_004,30.0,1,2023-02-05,30.0,Non-VIP
1006,P102,C_005,75.0,2,2023-02-10,150.0,Non-VIP
1007,P105,C_003,120.0,1,,120.0,Non-VIP
1008,P101,C_006,150.0,3,2023-02-20,450.0,Non-VIP
1009,P103,C_007,,2,2023-02-25,,Non-VIP
1010,P104,C_008,30.0,5,2023-03-01,150.0,Non-VIP
1011,P102,C_009,75.0,1,2023-03-05,75.0,Non-VIP
1012,P105,C_001,120.0,3,2023-03-10,360.0,Non-VIP
1013,P103,C_010,250.5,1,2023-03-15,250.5,Non-VIP
1014,P101,C_014,,3,2023-02-01,,Non-VIP
1015,P102,C_024,,1,2023-03-11,,VIP
1016,P105,C_065,150.0,1,2023-01-12,150.0,VIP
1017,P102,C_075,120.0,1,2023-03-13,120.0,VIP
1018,P105,C_064,75.0,4,,300.0,VIP
1019,P101,C_031,,4,,,VIP
1020,P102,C_038,250.5,1,2023-12-01,250.5,Non-VIP
1021,P101,C_056,250.5,5,2023-02-03,1252.5,VIP
1022,P104,C_079,150.0,4,2023-01-11,600.0,VIP
1023,P103,C_091,120.0,3,2023-03-15,360.0,Non-VIP
1024,P101,C_016,,2,2023-02-07,,VIP
1025,P102,C_023,30.0,3,2023-02-28,90.0,VIP
1026,P103,C_031,250.5,3,2023-01-27,751.5,VIP
1027,P103,C_098,,1,2023-03-19,,VIP
1028,P102,C_079,,2,,,VIP
1029,P104,C_045,,1,2023-03-13,,Non-VIP
1030,P103,C_018,75.0,1,2023-10-02,75.0,Non-VIP
1031,P103,C_019,75.0,5,2023-02-10,375.0,VIP
1032,P104,C_061,,4,,,VIP
1033,P102,C_042,,5,2023-10-03,,VIP
1034,P105,C_065,120.0,4,2023-02-16,480.0,VIP
1035,P102,C_076,30.0,1,2023-01-07,30.0,VIP
1036,P102,C_091,75.0,1,2023-02-24,75.0,Non-VIP
1037,P101,C_060,30.0,5,2023-03-01,150.0,VIP
1038,P103,C_081,150.0,1,2023-01-15,150.0,VIP
1039,P105,C_045,,3,,,Non-VIP
1040,P104,C_031,30.0,1,2023-02-03,30.0,VIP
1041,P102,C_075,150.0,1,2023-02-08,150.0,VIP
1042,P105,C_088,75.0,2,2023-02-17,150.0,VIP
1043,P105,C_078,150.0,5,2023-11-02,750.0,VIP
1044,P101,C_025,250.5,3,2023-01-31,751.5,VIP
1045,P102,C_083,150.0,1,2023-03-04,150.0,VIP
1046,P105,C_027,75.0,1,2023-03-02,75.0,VIP
1047,P102,C_044,120.0,5,2023-02-24,600.0,VIP
1048,P105,C_099,75.0,1,2023-09-02,75.0,VIP
1049,P103,C_067,120.0,4,2023-01-16,480.0,VIP
1050,P102,C_019,250.5,1,2023-03-17,250.5,VIP
1051,P102,C_086,75.0,1,2023-01-10,75.0,Non-VIP
1052,P101,C_040,150.0,1,2023-02-12,150.0,VIP
1053,P105,C_041,250.5,1,2023-03-04,250.5,VIP
1054,P105,C_027,,5,,,VIP
1055,P102,C_071,30.0,2,2023-01-13,60.0,VIP
1056,P104,C_056,30.0,4,2023-03-01,120.0,VIP
1057,P101,C_097,,1,2023-01-13,,Non-VIP
1058,P104,C_054,150.0,2,2023-01-25,300.0,VIP
1059,P105,C_068,75.0,4,,300.0,VIP
1060,P104,C_042,150.0,4,2023-03-12,600.0,VIP
1061,P101,C_094,120.0,1,2023-01-12,120.0,Non-VIP
1062,P102,C_063,30.0,4,,120.0,Non-VIP
1063,P101,C_032,30.0,1,,30.0,VIP
1064,P104,C_047,30.0,1,2023-03-13,30.0,Non-VIP
1065,P104,C_030,75.0,3,2023-01-28,225.0,Non-VIP
1066,P105,C_080,150.0,1,2023-02-10,150.0,VIP
1067,P101,C_085,30.0,5,2023-03-09,150.0,VIP
1068,P101,C_076,150.0,2,2023-01-09,300.0,VIP
1069,P101,C_097,75.0,4,2023-01-16,300.0,Non-VIP
1070,P102,C_085,120.0,1,2023-03-21,120.0,VIP
1071,P104,C_095,120.0,5,2023-08-03,600.0,VIP
1072,P103,C_037,,1,2023-02-10,,Non-VIP
1073,P103,C_061,75.0,1,,75.0,VIP
1074,P104,C_051,150.0,1,2023-02-28,150.0,VIP
1075,P105,C_023,150.0,5,2023-01-28,750.0,VIP
1076,P103,C_027,250.5,1,2023-01-02,250.5,VIP
1077,P103,C_031,30.0,5,2023-01-04,150.0,VIP
1078,P105,C_094,120.0,1,2023-03-27,120.0,Non-VIP
1079,P103,C_095,150.0,2,2023-02-03,300.0,VIP
1080,P101,C_081,75.0,3,2023-02-06,225.0,VIP
1081,P102,C_054,75.0,1,,75.0,VIP
1082,P105,C_073,250.5,1,2023-01-12,250.5,VIP
1083,P104,C_046,150.0,1,2023-02-12,150.0,VIP
1084,P103,C_031,,4,2023-03-12,,VIP
1085,P104,C_082,150.0,1,2023-01-10,150.0,Non-VIP
1086,P102,C_080,150.0,3,2023-03-16,450.0,VIP
1087,P102,C_066,75.0,1,2023-09-02,75.0,Non-VIP
1088,P101,C_056,75.0,1,2023-02-01,75.0,VIP
1089,P101,C_056,120.0,4,2023-03-21,480.0,VIP
1090,P102,C_041,75.0,2,2023-02-22,150.0,VIP
1091,P102,C_053,30.0,1,2023-01-02,30.0,VIP
1092,P102,C_024,30.0,1,2023-03-02,30.0,VIP
1093,P102,C_069,250.5,3,2023-01-30,751.5,VIP
1094,P101,C_095,75.0,4,2023-12-02,300.0,VIP
1095,P101,C_046,250.5,1,2023-07-03,250.5,VIP
1096,P105,C_053,150.0,1,2023-02-03,150.0,VIP
1097,P105,C_044,150.0,1,,150.0,VIP
1098,P103,C_051,30.0,5,2023-03-07,150.0,VIP
1099,P104,C_084,75.0,3,2023-01-06,225.0,VIP
1100,P104,C_011,120.0,5,2023-03-29,600.0,VIP
1101,P102,C_057,30.0,1,,30.0,Non-VIP
1102,P105,C_051,,1,2023-02-08,,VIP
1103,P103,C_096,30.0,3,2023-02-21,90.0,Non-VIP
1104,P103,C_081,75.0,2,2023-02-23,150.0,VIP
1105,P104,C_097,,2,2023-03-20,,Non-VIP
1106,P103,C_062,120.0,1,2023-08-02,120.0,VIP
1107,P102,C_066,120.0,5,,600.0,Non-VIP
1108,P104,C_067,30.0,1,2023-01-28,30.0,VIP
1109,P104,C_032,,1,2023-02-06,,VIP
1110,P105,C_053,150.0,2,,300.0,VIP
1111,P102,C_036,75.0,1,2023-01-06,75.0,VIP
1112,P104,C_089,150.0,4,2023-02-23,600.0,VIP
1113,P105,C_035,,1,,,VIP
1114,P104,C_042,75.0,1,2023-03-30,75.0,VIP
1115,P101,C_065,75.0,2,2023-03-31,150.0,VIP
1116,P104,C_017,120.0,2,,240.0,VIP
1117,P102,C_070,,5,2023-03-13,,VIP
1118,P103,C_067,120.0,1,2023-06-03,120.0,VIP
1119,P105,C_068,75.0,1,2023-02-03,75.0,VIP
1120,P103,C_042,,3,2023-08-03,,VIP
1121,P102,C_046,30.0,1,2023-02-06,30.0,VIP
1122,P103,C_053,250.5,5,2023-01-11,1252.5,VIP
1123,P102,C_040,30.0,1,2023-01-20,30.0,VIP
1124,P102,C_019,30.0,4,2023-02-12,120.0,VIP
1125,P104,C_064,150.0,2,,300.0,VIP
1126,P105,C_013,120.0,4,2023-03-03,480.0,Non-VIP
1127,P103,C_049,30.0,4,2023-03-10,120.0,Non-VIP
1128,P105,C_088,75.0,4,,300.0,VIP
1129,P104,C_073,150.0,4,2023-02-13,600.0,VIP
1130,P104,C_032,30.0,2,2023-03-21,60.0,VIP
1131,P101,C_061,120.0,5,2023-03-26,600.0,VIP
1132,P101,C_093,30.0,2,2023-03-01,60.0,Non-VIP
1133,P101,C_044,30.0,3,,90.0,VIP
1134,P103,C_054,30.0,3,,90.0,VIP
1135,P101,C_071,150.0,1,2023-03-11,150.0,VIP
1136,P103,C_039,,1,2023-03-25,,VIP
1137,P101,C_042,75.0,1,2023-03-21,75.0,VIP
1138,P102,C_027,30.0,1,2023-01-15,30.0,VIP
1139,P102,C_070,,3,2023-02-17,,VIP
1140,P105,C_088,,1,2023-01-15,,VIP
1141,P103,C_024,120.0,1,2023-02-09,120.0,VIP
1142,P104,C_061,,2,2023-01-10,,VIP
1143,P102,C_024,,3,2023-03-29,,VIP
1144,P101,C_083,150.0,3,2023-10-03,450.0,VIP
1145,P103,C_019,120.0,1,2023-02-13,120.0,VIP
1146,P104,C_073,150.0,4,2023-02-16,600.0,VIP
1147,P104,C_030,30.0,2,2023-03-08,60.0,Non-VIP
1148,P103,C_089,120.0,4,2023-01-03,480.0,VIP
1149,P105,C_045,250.5,2,2023-12-01,501.0,Non-VIP
1150,P104,C_042,30.0,5,2023-03-20,150.0,VIP
1151,P104,C_054,150.0,4,2023-02-11,600.0,VIP
1152,P104,C_038,250.5,3,,751.5,Non-VIP
1153,P105,C_046,120.0,1,2023-03-08,120.0,VIP
1154,P101,C_041,,4,2023-03-04,,VIP
1155,P102,C_099,30.0,1,2023-04-03,30.0,VIP
1156,P101,C_022,250.5,2,2023-02-21,501.0,Non-VIP
1157,P102,C_050,,5,,,Non-VIP
1158,P105,C_078,250.5,4,2023-12-03,1002.0,VIP
1159,P103,C_069,250.5,3,2023-02-02,751.5,VIP
1160,P101,C_035,250.5,1,2023-03-10,250.5,VIP
1161,P102,C_035,75.0,1,2023-03-03,75.0,VIP
1162,P105,C_078,120.0,3,2023-01-13,360.0,VIP
1163,P103,C_040,250.5,2,2023-02-08,501.0,VIP
1164,P105,C_027,250.5,1,2023-01-07,250.5,VIP
1165,P103,C_027,,4,2023-01-14,,VIP
1166,P105,C_047,30.0,4,,120.0,Non-VIP
1167,P102,C_017,250.5,4,2023-01-15,1002.0,VIP
1168,P104,C_073,150.0,5,2023-03-22,750.0,VIP
1169,P101,C_030,75.0,5,2023-02-08,375.0,Non-VIP
1170,P102,C_026,120.0,4,2023-03-19,480.0,VIP
1171,P105,C_039,120.0,4,,480.0,VIP
1172,P103,C_086,30.0,3,2023-03-14,90.0,Non-VIP
1173,P101,C_089,,1,2023-01-27,,VIP
1174,P102,C_044,,1,2023-01-21,,VIP
1175,P102,C_081,150.0,2,2023-01-01,300.0,VIP
1176,P104,C_099,120.0,4,2023-02-07,480.0,VIP
1177,P102,C_047,,3,,,Non-VIP
1178,P101,C_098,75.0,3,2023-03-22,225.0,VIP
1179,P102,C_065,150.0,5,2023-01-29,750.0,VIP
1180,P102,C_045,75.0,1,2023-01-08,75.0,Non-VIP
1181,P103,C_087,,5,2023-06-02,,VIP
1182,P101,C_070,,3,,,VIP
1183,P103,C_075,120.0,4,2023-02-26,480.0,VIP
1184,P105,C_016,30.0,1,2023-02-11,30.0,VIP
1185,P103,C_014,150.0,2,2023-03-28,300.0,Non-VIP
1186,P105,C_013,,3,2023-03-15,,Non-VIP
1187,P102,C_071,120.0,1,,120.0,VIP
1188,P102,C_085,30.0,1,2023-03-04,30.0,VIP
1189,P104,C_055,30.0,3,2023-02-11,90.0,Non-VIP
1190,P101,C_031,250.5,4,,1002.0,VIP
1191,P103,C_095,30.0,5,2023-05-01,150.0,VIP
1192,P101,C_051,250.5,3,,751.5,VIP
1193,P105,C_011,,5,2023-01-03,,VIP
1194,P101,C_035,120.0,3,,360.0,VIP
1195,P104,C_017,75.0,3,2023-03-12,225.0,VIP
1196,P103,C_067,,4,2023-01-16,,VIP
1197,P105,C_041,,2,2023-02-09,,VIP
1198,P101,C_081,30.0,1,2023-01-29,30.0,VIP
1199,P104,C_026,,2,2023-03-05,,VIP
1200,P103,C_076,,3,,,VIP
1201,P104,C_042,30.0,5,,150.0,VIP
1202,P102,C_087,120.0,1,2023-01-18,120.0,VIP
1203,P103,C_064,250.5,5,2023-02-04,1252.5,VIP
1204,P103,C_049,120.0,5,,600.0,Non-VIP
1205,P102,C_068,120.0,4,,480.0,VIP
1206,P105,C_080,30.0,4,2023-02-11,120.0,VIP
1207,P102,C_084,30.0,2,2023-02-22,60.0,VIP
1208,P103,C_071,,4,2023-02-19,,VIP
1209,P102,C_074,150.0,2,2023-03-06,300.0,Non-VIP
1210,P103,C_023,30.0,1,2023-09-03,30.0,VIP
1211,P101,C_029,30.0,1,2023-01-20,30.0,Non-VIP
1212,P104,C_044,250.5,5,,1252.5,VIP
1213,P101,C_053,,5,,,VIP
1214,P104,C_080,150.0,5,2023-01-09,750.0,VIP
1215,P103,C_040,,1,2023-02-25,,VIP
1216,P101,C_067,75.0,1,2023-02-08,75.0,VIP
1217,P101,C_052,150.0,3,,450.0,Non-VIP
1218,P104,C_029,75.0,5,2023-02-22,375.0,Non-VIP
1219,P102,C_032,75.0,1,,75.0,VIP
1220,P105,C_098,75.0,4,2023-03-16,300.0,VIP
1221,P102,C_070,,3,,,VIP
1222,P101,C_070,250.5,1,2023-03-11,250.5,VIP
1223,P101,C_067,250.5,5,2023-02-08,1252.5,VIP
1224,P104,C_099,250.5,4,2023-02-08,1002.0,VIP
1225,P104,C_072,150.0,2,2023-02-18,300.0,Non-VIP
1226,P103,C_084,250.5,1,2023-02-07,250.5,VIP
1227,P104,C_046,150.0,5,2023-03-29,750.0,VIP
1228,P101,C_088,,4,2023-02-06,,VIP
1229,P105,C_056,75.0,1,2023-01-25,75.0,VIP
1230,P103,C_097,,1,2023-03-29,,Non-VIP
1231,P101,C_091,,1,2023-09-02,,Non-VIP
1232,P101,C_085,250.5,1,2023-01-17,250.5,VIP
1233,P103,C_052,,4,2023-01-23,,Non-VIP
1234,P102,C_080,250.5,5,2023-06-03,1252.5,VIP
1235,P102,C_043,30.0,3,2023-02-13,90.0,Non-VIP
1236,P104,C_020,75.0,2,2023-03-28,150.0,VIP
1237,P104,C_082,250.5,1,2023-02-20,250.5,Non-VIP
1238,P103,C_079,150.0,4,2023-02-17,600.0,VIP
1239,P103,C_085,30.0,1,2023-02-17,30.0,VIP
1240,P102,C_071,150.0,5,,750.0,VIP
1241,P105,C_039,,1,,,VIP
1242,P103,C_094,30.0,1,2023-01-18,30.0,Non-VIP
1243,P101,C_049,30.0,1,2023-01-13,30.0,Non-VIP
1244,P105,C_028,30.0,4,2023-02-17,120.0,VIP
1245,P105,C_064,120.0,1,,120.0,VIP
1246,P101,C_073,120.0,4,2023-02-05,480.0,VIP
1247,P103,C_038,30.0,4,,120.0,Non-VIP
1248,P101,C_098,250.5,5,,1252.5,VIP
1249,P101,C_061,250.5,2,,501.0,VIP
1250,P101,C_095,75.0,1,2023-03-23,75.0,VIP
1251,P101,C_017,250.5,2,2023-01-17,501.0,VIP
1252,P102,C_019,120.0,2,2023-03-17,240.0,VIP
1253,P102,C_053,75.0,5,2023-01-01,375.0,VIP
1254,P102,C_027,120.0,3,2023-01-23,360.0,VIP
1255,P101,C_027,150.0,3,2023-01-31,450.0,VIP
1256,P103,C_013,75.0,3,2023-01-07,225.0,Non-VIP
1257,P104,C_078,150.0,1,2023-09-01,150.0,VIP
1258,P104,C_057,120.0,5,,600.0,Non-VIP
1259,P105,C_039,120.0,1,2023-03-26,120.0,VIP
1260,P103,C_069,,1,2023-08-01,,VIP
1261,P104,C_065,,1,2023-03-04,,VIP
1262,P104,C_020,150.0,3,2023-03-19,450.0,VIP
1263,P101,C_027,250.5,5,2023-03-23,1252.5,VIP
1264,P105,C_052,30.0,5,2023-09-03,150.0,Non-VIP
1265,P104,C_075,120.0,4,2023-01-13,480.0,VIP
1266,P101,C_094,,5,,,Non-VIP
1267,P104,C_040,30.0,3,,90.0,VIP
1268,P104,C_023,250.5,4,2023-02-10,1002.0,VIP
1269,P103,C_058,75.0,1,2023-03-02,75.0,VIP
1270,P101,C_021,150.0,4,2023-01-13,600.0,VIP
1271,P103,C_027,120.0,1,2023-03-17,120.0,VIP
1272,P105,C_053,,1,,,VIP
1273,P104,C_017,250.5,5,2023-09-02,1252.5,VIP
1274,P101,C_084,120.0,2,2023-01-20,240.0,VIP
1275,P104,C_039,150.0,3,,450.0,VIP
1276,P101,C_046,120.0,2,2023-02-24,240.0,VIP
1277,P105,C_089,,1,2023-03-13,,VIP
1278,P105,C_095,,3,2023-01-04,,VIP
1279,P103,C_050,250.5,3,2023-01-01,751.5,Non-VIP
1280,P102,C_083,,4,2023-01-09,,VIP
1281,P101,C_022,,5,,,Non-VIP
1282,P104,C_069,250.5,2,,501.0,VIP
1283,P103,C_083,120.0,1,2023-01-07,120.0,VIP
1284,P102,C_090,150.0,1,2023-11-01,150.0,Non-VIP
1285,P104,C_095,30.0,4,,120.0,VIP
1286,P104,C_045,75.0,5,,375.0,Non-VIP
1287,P104,C_025,250.5,1,2023-03-28,250.5,VIP
1288,P104,C_078,,3,2023-01-06,,VIP
1289,P104,C_087,150.0,1,,150.0,VIP
1290,P102,C_028,250.5,3,2023-02-11,751.5,VIP
1291,P101,C_074,,4,2023-01-23,,Non-VIP
1292,P104,C_079,,2,2023-03-06,,VIP
1293,P103,C_020,30.0,1,2023-06-01,30.0,VIP
1294,P101,C_069,150.0,3,,450.0,VIP
1295,P105,C_062,,1,,,VIP
1296,P101,C_062,150.0,3,2023-01-22,450.0,VIP
1297,P104,C_099,250.5,1,2023-02-25,250.5,VIP
1298,P102,C_066,120.0,4,2023-03-09,480.0,Non-VIP
1299,P104,C_050,,3,,,Non-VIP
1300,P102,C_020,120.0,1,2023-01-15,120.0,VIP
1301,P105,C_035,250.5,3,2023-03-24,751.5,VIP
1302,P102,C_024,75.0,3,2023-01-26,225.0,VIP
1303,P105,C_030,,1,2023-01-23,,Non-VIP
1304,P104,C_070,120.0,5,2023-02-27,600.0,VIP
1305,P105,C_093,,5,2023-02-11,,Non-VIP
1306,P103,C_030,30.0,1,2023-02-03,30.0,Non-VIP
1307,P103,C_046,120.0,1,2023-02-15,120.0,VIP
1308,P101,C_050,30.0,4,2023-01-05,120.0,Non-VIP
1309,P103,C_047,150.0,1,2023-01-12,150.0,Non-VIP
1310,P105,C_075,30.0,4,2023-03-16,120.0,VIP
1311,P101,C_068,120.0,1,,120.0,VIP
1312,P105,C_071,120.0,2,2023-08-01,240.0,VIP
1313,P101,C_054,,1,2023-03-06,,VIP
1314,P102,C_016,75.0,1,,75.0,VIP
1315,P105,C_077,120.0,2,,240.0,Non-VIP
1316,P103,C_060,30.0,3,2023-03-28,90.0,VIP
1317,P101,C_091,,3,2023-09-01,,Non-VIP
1318,P101,C_082,,4,2023-06-02,,Non-VIP
1319,P105,C_030,250.5,1,2023-03-16,250.5,Non-VIP
1320,P102,C_055,250.5,1,2023-03-31,250.5,Non-VIP
1321,P104,C_027,120.0,1,2023-11-01,120.0,VIP
1322,P105,C_059,,3,2023-01-17,,VIP
1323,P105,C_022,,1,2023-02-24,,Non-VIP
1324,P103,C_013,250.5,3,2023-01-24,751.5,Non-VIP
1325,P103,C_073,75.0,2,2023-01-18,150.0,VIP
1326,P101,C_048,150.0,5,2023-03-11,750.0,Non-VIP
1327,P105,C_015,,3,2023-03-21,,Non-VIP
1328,P105,C_059,75.0,2,2023-01-24,150.0,VIP
1329,P105,C_032,,4,2023-06-01,,VIP
1330,P103,C_097,,2,2023-02-26,,Non-VIP
1331,P103,C_068,75.0,5,,375.0,VIP
1332,P104,C_035,250.5,1,,250.5,VIP
1333,P104,C_047,30.0,5,2023-09-03,150.0,Non-VIP
1334,P102,C_036,120.0,2,2023-02-02,240.0,VIP
1335,P104,C_058,120.0,1,2023-03-08,120.0,VIP
1336,P103,C_021,75.0,3,2023-02-27,225.0,VIP
1337,P102,C_066,150.0,2,,300.0,Non-VIP
1338,P101,C_064,150.0,4,2023-06-03,600.0,VIP
1339,P102,C_060,150.0,3,2023-01-29,450.0,VIP
1340,P103,C_023,,1,2023-02-12,,VIP
1341,P102,C_015,250.5,4,2023-03-31,1002.0,Non-VIP
1342,P104,C_068,120.0,1,2023-01-11,120.0,VIP
1343,P103,C_038,75.0,5,2023-03-19,375.0,Non-VIP
1344,P104,C_025,250.5,2,2023-02-08,501.0,VIP
1345,P101,C_041,30.0,1,,30.0,VIP
1346,P101,C_025,30.0,5,2023-03-10,150.0,VIP
1347,P105,C_084,75.0,1,,75.0,VIP
1348,P104,C_011,120.0,3,2023-01-31,360.0,VIP
1349,P104,C_034,,1,2023-01-11,,VIP
1350,P103,C_019,120.0,5,2023-03-06,600.0,VIP
1351,P105,C_013,30.0,4,2023-01-06,120.0,Non-VIP
1352,P104,C_058,250.5,1,2023-03-01,250.5,VIP
1353,P101,C_055,75.0,1,2023-03-26,75.0,Non-VIP
1354,P101,C_085,,3,2023-01-18,,VIP
1355,P103,C_080,250.5,1,2023-01-23,250.5,VIP
1356,P104,C_072,,2,2023-01-18,,Non-VIP
1357,P104,C_015,250.5,2,2023-01-06,501.0,Non-VIP
1358,P101,C_051,250.5,5,2023-02-20,1252.5,VIP
1359,P104,C_043,150.0,1,,150.0,Non-VIP
1360,P103,C_017,,3,2023-02-04,,VIP
1361,P103,C_066,30.0,1,,30.0,Non-VIP
1362,P103,C_034,30.0,1,2023-05-03,30.0,VIP
1363,P105,C_045,150.0,1,2023-02-24,150.0,Non-VIP
1364,P104,C_088,75.0,5,2023-07-02,375.0,VIP
1365,P101,C_021,250.5,1,2023-07-02,250.5,VIP
1366,P104,C_088,,4,2023-01-22,,VIP
1367,P104,C_055,30.0,1,2023-02-15,30.0,Non-VIP
1368,P104,C_046,,1,2023-01-10,,VIP
1369,P104,C_057,120.0,1,2023-03-28,120.0,Non-VIP
1370,P101,C_029,120.0,1,2023-02-26,120.0,Non-VIP
1371,P102,C_019,75.0,1,,75.0,VIP
1372,P104,C_083,150.0,5,2023-01-20,750.0,VIP
1373,P104,C_058,250.5,4,2023-01-10,1002.0,VIP
1374,P102,C_078,250.5,4,2023-02-10,1002.0,VIP
1375,P103,C_042,150.0,1,,150.0,VIP
1376,P105,C_060,120.0,1,2023-03-02,120.0,VIP
1377,P104,C_038,120.0,3,,360.0,Non-VIP
1378,P102,C_026,75.0,1,2023-02-27,75.0,VIP
1379,P104,C_022,,3,,,Non-VIP
1380,P101,C_081,120.0,3,2023-02-08,360.0,VIP
1381,P102,C_057,120.0,2,2023-01-16,240.0,Non-VIP
1382,P102,C_041,30.0,1,2023-02-16,30.0,VIP
1383,P105,C_058,30.0,5,2023-01-17,150.0,VIP
1384,P101,C_019,250.5,4,2023-03-03,1002.0,VIP
1385,P104,C_063,120.0,1,,120.0,Non-VIP
1386,P101,C_068,30.0,1,2023-08-03,30.0,VIP
1387,P102,C_081,,5,2023-01-24,,VIP
1388,P104,C_075,150.0,1,2023-03-08,150.0,VIP
1389,P103,C_032,75.0,3,2023-04-01,225.0,VIP
1390,P103,C_077,250.5,1,2023-02-02,250.5,Non-VIP
1391,P105,C_046,75.0,1,2023-02-08,75.0,VIP
1392,P105,C_022,120.0,1,2023-01-22,120.0,Non-VIP
1393,P105,C_030,75.0,1,2023-03-21,75.0,Non-VIP
1394,P105,C_054,120.0,1,2023-01-04,120.0,VIP
1395,P101,C_093,120.0,3,2023-03-25,360.0,Non-VIP
1396,P105,C_064,120.0,1,2023-04-01,120.0,VIP
1397,P105,C_048,,3,2023-03-03,,Non-VIP
1398,P104,C_049,30.0,1,2023-03-30,30.0,Non-VIP
1399,P102,C_067,30.0,4,2023-03-01,120.0,VIP
1400,P103,C_088,75.0,3,2023-02-10,225.0,VIP
1401,P103,C_062,75.0,3,2023-03-07,225.0,VIP
1402,P101,C_051,75.0,4,,300.0,VIP
1403,P104,C_042,75.0,1,2023-07-01,75.0,VIP
1404,P104,C_089,30.0,2,,60.0,VIP
1405,P105,C_051,75.0,2,2023-03-05,150.0,VIP
1406,P104,C_074,250.5,4,2023-01-03,1002.0,Non-VIP
1407,P104,C_075,30.0,2,2023-01-28,60.0,VIP
1408,P103,C_017,150.0,3,2023-03-05,450.0,VIP
1409,P104,C_047,120.0,1,,120.0,Non-VIP
1410,P102,C_044,,3,,,VIP
1411,P101,C_062,150.0,5,2023-03-13,750.0,VIP
1412,P103,C_081,250.5,1,2023-02-19,250.5,VIP
1413,P104,C_081,250.5,5,2023-03-29,1252.5,VIP
1414,P101,C_027,150.0,4,,600.0,VIP
1415,P105,C_057,75.0,2,2023-03-19,150.0,Non-VIP
1416,P104,C_075,150.0,1,2023-01-05,150.0,VIP
1417,P103,C_071,120.0,4,2023-01-20,480.0,VIP
1418,P105,C_028,250.5,5,2023-02-10,1252.5,VIP
1419,P104,C_089,,3,,,VIP
1420,P105,C_076,120.0,4,2023-04-01,480.0,VIP
1421,P103,C_071,150.0,3,2023-02-12,450.0,VIP
1422,P101,C_064,120.0,3,2023-03-30,360.0,VIP
1423,P101,C_087,30.0,3,2023-03-25,90.0,VIP
1424,P105,C_040,,1,,,VIP
1425,P102,C_078,,1,,,VIP
1426,P102,C_098,75.0,1,2023-03-15,75.0,VIP
1427,P101,C_035,150.0,4,2023-10-02,600.0,VIP
1428,P102,C_063,,2,2023-02-22,,Non-VIP
1429,P105,C_071,,1,2023-01-08,,VIP
1430,P102,C_077,75.0,5,2023-02-11,375.0,Non-VIP
1431,P104,C_078,30.0,3,,90.0,VIP
1432,P105,C_054,120.0,3,2023-03-28,360.0,VIP
1433,P103,C_089,30.0,2,2023-01-02,60.0,VIP
1434,P105,C_049,75.0,3,2023-02-06,225.0,Non-VIP
1435,P102,C_099,,4,2023-10-02,,VIP
1436,P103,C_082,,3,2023-02-06,,Non-VIP
1437,P105,C_097,120.0,4,,480.0,Non-VIP
1438,P102,C_048,150.0,3,2023-11-01,450.0,Non-VIP
1439,P104,C_094,250.5,1,2023-03-03,250.5,Non-VIP
1440,P102,C_079,250.5,5,,1252.5,VIP
1441,P102,C_024,120.0,1,2023-03-17,120.0,VIP
1442,P102,C_017,,5,2023-01-29,,VIP
1443,P102,C_017,150.0,4,2023-02-12,600.0,VIP
1444,P104,C_023,,2,2023-01-01,,VIP
1445,P102,C_063,,4,2023-03-03,,Non-VIP
1446,P102,C_047,250.5,3,2023-03-24,751.5,Non-VIP
1447,P101,C_094,120.0,2,2023-03-10,240.0,Non-VIP
1448,P101,C_033,30.0,2,2023-05-01,60.0,Non-VIP
1449,P104,C_034,,3,2023-01-05,,VIP
1450,P103,C_083,120.0,1,2023-12-02,120.0,VIP
1451,P104,C_093,120.0,5,2023-03-05,600.0,Non-VIP
1452,P105,C_070,250.5,2,,501.0,VIP
1453,P102,C_069,,3,2023-01-24,,VIP
1454,P103,C_048,120.0,1,2023-01-25,120.0,Non-VIP
1455,P105,C_092,30.0,4,2023-07-03,120.0,Non-VIP
1456,P101,C_062,,1,2023-01-24,,VIP
1457,P104,C_052,75.0,1,2023-03-02,75.0,Non-VIP
1458,P102,C_068,250.5,3,2023-02-08,751.5,VIP
1459,P105,C_012,250.5,1,2023-02-16,250.5,Non-VIP
1460,P102,C_018,,1,2023-01-03,,Non-VIP
1461,P102,C_062,,5,2023-01-04,,VIP
1462,P101,C_092,250.5,3,2023-03-20,751.5,Non-VIP
1463,P102,C_028,30.0,2,2023-02-28,60.0,VIP
1464,P105,C_058,30.0,1,2023-12-03,30.0,VIP
1465,P105,C_096,75.0,2,2023-03-29,150.0,Non-VIP
1466,P101,C_078,30.0,5,2023-01-04,150.0,VIP
1467,P101,C_083,150.0,1,2023-03-12,150.0,VIP
1468,P102,C_084,120.0,2,,240.0,VIP
1469,P105,C_067,150.0,1,2023-01-27,150.0,VIP
1470,P105,C_073,150.0,5,2023-02-27,750.0,VIP
1471,P104,C_027,120.0,4,2023-02-28,480.0,VIP
1472,P101,C_082,30.0,1,2023-02-09,30.0,Non-VIP
1473,P101,C_061,250.5,1,2023-01-28,250.5,VIP
1474,P101,C_016,30.0,3,2023-03-31,90.0,VIP
1475,P105,C_018,150.0,4,2023-05-01,600.0,Non-VIP
1476,P104,C_034,75.0,1,,75.0,VIP
1477,P103,C_059,30.0,4,2023-02-18,120.0,VIP
1478,P105,C_028,,3,2023-01-16,,VIP
1479,P105,C_061,120.0,2,2023-01-29,240.0,VIP
1480,P101,C_049,30.0,1,2023-11-03,30.0,Non-VIP
1481,P105,C_059,75.0,2,,150.0,VIP
1482,P102,C_046,75.0,1,2023-01-15,75.0,VIP
1483,P104,C_089,150.0,2,2023-01-27,300.0,VIP
1484,P101,C_087,150.0,4,2023-03-18,600.0,VIP
1485,P101,C_042,,1,,,VIP
1486,P102,C_080,75.0,1,2023-01-18,75.0,VIP
1487,P103,C_040,,5,2023-02-10,,VIP
1488,P105,C_097,250.5,2,2023-02-08,501.0,Non-VIP
1489,P105,C_039,30.0,3,2023-02-05,90.0,VIP
1490,P105,C_086,,2,2023-03-22,,Non-VIP
1491,P104,C_082,30.0,1,2023-02-14,30.0,Non-VIP
1492,P104,C_078,250.5,1,,250.5,VIP
1493,P102,C_049,30.0,2,2023-10-03,60.0,Non-VIP
1494,P102,C_039,250.5,1,,250.5,VIP
1495,P101,C_082,30.0,4,2023-03-13,120.0,Non-VIP
1496,P102,C_060,75.0,3,,225.0,VIP
1497,P101,C_068,250.5,1,2023-03-10,250.5,VIP
1498,P102,C_017,250.5,4,2023-03-28,1002.0,VIP
1499,P105,C_016,150.0,2,2023-03-17,300.0,VIP
1500,P105,C_038,30.0,2,2023-12-02,60.0,Non-VIP
1501,P101,C_038,75.0,1,2023-01-16,75.0,Non-VIP
1502,P104,C_042,,5,2023-04-01,,VIP
1503,P104,C_041,120.0,3,2023-06-02,360.0,VIP
1504,P104,C_079,,3,2023-09-02,,VIP
1505,P103,C_076,30.0,4,2023-01-13,120.0,VIP
1506,P104,C_051,75.0,3,2023-10-02,225.0,VIP
1507,P101,C_083,75.0,1,2023-01-19,75.0,VIP
1508,P103,C_081,120.0,5,,600.0,VIP
1509,P102,C_036,250.5,2,2023-02-18,501.0,VIP
1510,P102,C_074,120.0,1,,120.0,Non-VIP
1511,P103,C_073,,1,2023-04-03,,VIP
1512,P102,C_056,75.0,2,2023-11-03,150.0,VIP
1513,P102,C_080,,1,2023-03-09,,VIP
1514,P101,C_096,150.0,1,2023-02-22,150.0,Non-VIP
1515,P102,C_019,,2,2023-01-02,,VIP
1516,P105,C_069,250.5,1,2023-03-21,250.5,VIP
1517,P105,C_072,,4,2023-01-03,,Non-VIP
1518,P105,C_081,30.0,1,2023-01-03,30.0,VIP
1519,P103,C_079,250.5,1,2023-03-06,250.5,VIP
1520,P104,C_033,150.0,1,2023-03-09,150.0,Non-VIP
1521,P102,C_035,120.0,5,2023-02-02,600.0,VIP
1522,P103,C_061,150.0,3,,450.0,VIP
1523,P105,C_042,,2,2023-02-08,,VIP
1524,P101,C_094,,1,2023-12-01,,Non-VIP
1525,P104,C_059,120.0,4,2023-01-08,480.0,VIP
1526,P101,C_032,150.0,4,2023-02-25,600.0,VIP
1527,P103,C_083,150.0,5,2023-01-06,750.0,VIP
1528,P102,C_099,120.0,4,2023-02-04,480.0,VIP
1529,P101,C_098,250.5,5,2023-03-14,1252.5,VIP
1530,P101,C_033,250.5,1,2023-01-27,250.5,Non-VIP
1531,P102,C_061,150.0,3,2023-01-21,450.0,VIP
1532,P102,C_083,30.0,1,2023-11-03,30.0,VIP
1533,P104,C_028,,1,2023-01-11,,VIP
1534,P103,C_017,150.0,4,2023-01-30,600.0,VIP
1535,P103,C_088,120.0,5,,600.0,VIP
1536,P101,C_092,250.5,4,2023-03-04,1002.0,Non-VIP
1537,P103,C_081,30.0,4,2023-01-24,120.0,VIP
1538,P105,C_095,30.0,1,,30.0,VIP
1539,P102,C_020,150.0,3,,450.0,VIP
1540,P102,C_060,250.5,3,2023-01-14,751.5,VIP
1541,P101,C_050,30.0,3,2023-02-04,90.0,Non-VIP
1542,P102,C_022,75.0,4,2023-02-27,300.0,Non-VIP
1543,P105,C_076,30.0,1,2023-01-04,30.0,VIP
1544,P103,C_081,150.0,5,,750.0,VIP
1545,P104,C_012,250.5,4,2023-02-19,1002.0,Non-VIP
1546,P105,C_042,120.0,5,2023-01-22,600.0,VIP
1547,P104,C_032,75.0,3,2023-08-02,225.0,VIP
1548,P104,C_029,150.0,2,,300.0,Non-VIP
1549,P104,C_049,30.0,1,,30.0,Non-VIP
1550,P102,C_091,30.0,5,2023-03-20,150.0,Non-VIP
1551,P104,C_024,75.0,3,2023-01-01,225.0,VIP
1552,P103,C_090,30.0,3,,90.0,Non-VIP
1553,P104,C_094,120.0,2,2023-08-02,240.0,Non-VIP
1554,P105,C_099,75.0,4,2023-02-10,300.0,VIP
1555,P104,C_051,250.5,1,2023-03-30,250.5,VIP
1556,P104,C_084,75.0,3,,225.0,VIP
1557,P104,C_057,150.0,5,2023-01-26,750.0,Non-VIP
1558,P105,C_034,,5,2023-01-04,,VIP
1559,P104,C_037,30.0,3,2023-03-30,90.0,Non-VIP
1560,P104,C_097,30.0,2,,60.0,Non-VIP
1561,P102,C_043,,2,,,Non-VIP
1562,P101,C_068,120.0,4,,480.0,VIP
1563,P105,C_075,,4,2023-03-11,,VIP
1564,P103,C_079,120.0,1,2023-01-11,120.0,VIP
1565,P102,C_095,,3,2023-01-22,,VIP
1566,P105,C_016,120.0,1,2023-03-28,120.0,VIP
1567,P104,C_053,30.0,1,2023-01-02,30.0,VIP
1568,P103,C_039,120.0,1,2023-03-08,120.0,VIP
1569,P105,C_099,120.0,2,,240.0,VIP
1570,P104,C_070,,5,2023-03-30,,VIP
1571,P102,C_055,150.0,4,,600.0,Non-VIP
1572,P104,C_021,150.0,1,,150.0,VIP
1573,P103,C_054,30.0,2,2023-08-03,60.0,VIP
1574,P103,C_071,150.0,4,,600.0,VIP
1575,P103,C_019,250.5,1,2023-04-01,250.5,VIP
1576,P101,C_054,,1,2023-03-28,,VIP
1577,P102,C_077,75.0,5,,375.0,Non-VIP
1578,P105,C_065,30.0,2,2023-02-21,60.0,VIP
1579,P102,C_034,,1,,,VIP
1580,P101,C_089,75.0,4,,300.0,VIP
1581,P104,C_011,,2,,,VIP
1582,P101,C_084,150.0,5,,750.0,VIP
1583,P103,C_036,30.0,1,2023-02-03,30.0,VIP
1584,P104,C_078,,3,,,VIP
1585,P105,C_061,120.0,1,,120.0,VIP
1586,P104,C_090,75.0,1,2023-01-04,75.0,Non-VIP
1587,P105,C_086,150.0,1,,150.0,Non-VIP
1588,P101,C_041,250.5,1,,250.5,VIP
1589,P102,C_076,30.0,4,2023-03-18,120.0,VIP
1590,P105,C_060,30.0,2,2023-03-04,60.0,VIP
1591,P105,C_099,,2,2023-03-13,,VIP
1592,P104,C_047,75.0,2,2023-10-02,150.0,Non-VIP
1593,P105,C_017,250.5,1,2023-03-04,250.5,VIP
1594,P102,C_060,120.0,5,,600.0,VIP
1595,P104,C_098,30.0,4,2023-01-04,120.0,VIP
1596,P104,C_032,150.0,5,2023-01-04,750.0,VIP
1597,P103,C_015,250.5,2,2023-10-03,501.0,Non-VIP
1598,P102,C_069,120.0,1,2023-03-05,120.0,VIP
1599,P105,C_025,120.0,1,2023-02-04,120.0,VIP
1600,P103,C_080,150.0,1,2023-02-26,150.0,VIP
1601,P102,C_065,150.0,1,2023-03-25,150.0,VIP
1602,P103,C_015,30.0,3,2023-02-14,90.0,Non-VIP
1603,P104,C_026,75.0,2,2023-03-17,150.0,VIP
1604,P103,C_089,,4,2023-01-22,,VIP
1605,P102,C_037,75.0,1,,75.0,Non-VIP
1606,P105,C_046,120.0,5,,600.0,VIP
1607,P103,C_048,120.0,3,2023-03-07,360.0,Non-VIP
1608,P101,C_028,30.0,1,2023-02-05,30.0,VIP
1609,P102,C_027,75.0,2,2023-02-11,150.0,VIP
1610,P104,C_073,75.0,5,,375.0,VIP
1611,P104,C_059,30.0,1,2023-03-23,30.0,VIP
1612,P104,C_076,,3,,,VIP
1613,P104,C_073,250.5,5,2023-01-01,1252.5,VIP
1614,P101,C_069,,1,,,VIP
1615,P101,C_079,30.0,2,2023-02-24,60.0,VIP
1616,P104,C_045,250.5,3,2023-02-13,751.5,Non-VIP
1617,P105,C_027,120.0,4,2023-02-13,480.0,VIP
1618,P101,C_016,150.0,1,2023-02-28,150.0,VIP
1619,P101,C_031,30.0,4,2023-01-01,120.0,VIP
1620,P102,C_099,75.0,1,2023-02-08,75.0,VIP
1621,P103,C_022,,3,2023-02-02,,Non-VIP
1622,P103,C_096,,2,2023-07-01,,Non-VIP
1623,P103,C_040,30.0,1,2023-01-12,30.0,VIP
1624,P101,C_011,75.0,4,2023-01-10,300.0,VIP
1625,P105,C_039,120.0,1,2023-02-26,120.0,VIP
1626,P101,C_054,150.0,4,2023-03-30,600.0,VIP
1627,P104,C_020,75.0,4,2023-01-12,300.0,VIP
1628,P101,C_024,250.5,3,2023-02-08,751.5,VIP
1629,P104,C_028,,1,2023-01-19,,VIP
1630,P105,C_083,150.0,5,2023-03-25,750.0,VIP
1631,P104,C_055,,2,2023-03-22,,Non-VIP
1632,P102,C_063,120.0,1,2023-02-26,120.0,Non-VIP
1633,P101,C_023,75.0,1,2023-03-17,75.0,VIP
1634,P104,C_055,30.0,3,2023-01-18,90.0,Non-VIP
1635,P103,C_093,150.0,2,2023-03-12,300.0,Non-VIP
1636,P105,C_088,250.5,1,2023-01-04,250.5,VIP
1637,P103,C_037,120.0,5,2023-03-07,600.0,Non-VIP
1638,P104,C_048,,1,,,Non-VIP
1639,P104,C_025,75.0,4,2023-03-23,300.0,VIP
1640,P101,C_078,150.0,3,2023-02-10,450.0,VIP
1641,P104,C_083,30.0,3,2023-03-11,90.0,VIP
1642,P102,C_071,150.0,1,2023-03-17,150.0,VIP
1643,P101,C_044,75.0,1,2023-08-01,75.0,VIP
1644,P105,C_047,,1,2023-06-03,,Non-VIP
1645,P104,C_062,150.0,1,2023-03-10,150.0,VIP
1646,P105,C_030,250.5,1,2023-02-09,250.5,Non-VIP
1647,P105,C_037,75.0,5,2023-11-02,375.0,Non-VIP
1648,P105,C_092,,1,2023-03-24,,Non-VIP
1649,P103,C_066,,2,2023-01-08,,Non-VIP
1650,P101,C_066,150.0,4,2023-03-20,600.0,Non-VIP
1651,P101,C_050,,1,2023-03-26,,Non-VIP
1652,P102,C_026,150.0,1,2023-01-18,150.0,VIP
1653,P101,C_031,30.0,3,2023-03-08,90.0,VIP
1654,P103,C_032,250.5,2,2023-02-04,501.0,VIP
1655,P101,C_014,250.5,4,2023-02-04,1002.0,Non-VIP
1656,P101,C_044,,5,2023-03-22,,VIP
1657,P104,C_069,120.0,3,2023-08-01,360.0,VIP
1658,P105,C_032,250.5,2,2023-02-02,501.0,VIP
1659,P105,C_097,,1,2023-01-30,,Non-VIP
1660,P105,C_011,150.0,1,2023-02-01,150.0,VIP
1661,P104,C_057,30.0,2,2023-01-23,60.0,Non-VIP
1662,P105,C_094,30.0,2,2023-02-11,60.0,Non-VIP
1663,P104,C_051,250.5,1,,250.5,VIP
1664,P101,C_075,,1,2023-01-23,,VIP
1665,P105,C_016,30.0,1,2023-01-03,30.0,VIP
1666,P103,C_052,150.0,5,2023-02-28,750.0,Non-VIP
1667,P103,C_036,250.5,5,2023-02-08,1252.5,VIP
1668,P105,C_042,30.0,3,,90.0,VIP
1669,P102,C_080,75.0,2,2023-01-01,150.0,VIP
1670,P101,C_040,120.0,3,2023-03-23,360.0,VIP
1671,P101,C_053,150.0,1,2023-02-18,150.0,VIP
1672,P103,C_024,75.0,5,,375.0,VIP
1673,P104,C_018,75.0,1,2023-02-05,75.0,Non-VIP
1674,P101,C_040,120.0,4,,480.0,VIP
1675,P104,C_021,120.0,1,2023-03-06,120.0,VIP
1676,P104,C_020,120.0,5,2023-08-01,600.0,VIP
1677,P102,C_041,250.5,3,2023-10-02,751.5,VIP
1678,P103,C_051,30.0,3,2023-01-30,90.0,VIP
1679,P102,C_028,120.0,1,2023-01-20,120.0,VIP
1680,P102,C_068,30.0,3,2023-02-22,90.0,VIP
1681,P105,C_056,75.0,4,2023-09-02,300.0,VIP
1682,P103,C_026,150.0,2,,300.0,VIP
1683,P105,C_016,75.0,3,2023-01-19,225.0,VIP
1684,P102,C_056,30.0,5,2023-01-07,150.0,VIP
1685,P103,C_044,75.0,1,,75.0,VIP
1686,P105,C_081,75.0,1,2023-03-01,75.0,VIP
1687,P102,C_026,150.0,1,2023-01-29,150.0,VIP
1688,P102,C_062,250.5,1,2023-03-22,250.5,VIP
1689,P101,C_085,120.0,3,2023-01-10,360.0,VIP
1690,P101,C_036,,4,2023-01-17,,VIP
1691,P103,C_026,150.0,4,2023-01-07,600.0,VIP
1692,P105,C_066,,4,2023-03-05,,Non-VIP
1693,P104,C_098,30.0,2,2023-02-15,60.0,VIP
1694,P102,C_046,250.5,4,2023-01-20,1002.0,VIP
1695,P105,C_090,120.0,2,,240.0,Non-VIP
1696,P104,C_063,120.0,4,2023-01-08,480.0,Non-VIP
1697,P103,C_060,75.0,4,2023-01-26,300.0,VIP
1698,P105,C_042,,5,2023-03-01,,VIP
1699,P103,C_072,120.0,4,2023-02-14,480.0,Non-VIP
1700,P105,C_052,30.0,3,2023-01-24,90.0,Non-VIP
1701,P103,C_087,75.0,1,2023-02-05,75.0,VIP
1702,P104,C_078,250.5,5,2023-01-30,1252.5,VIP
1703,P101,C_042,,2,2023-02-04,,VIP
1704,P101,C_039,120.0,4,2023-02-15,480.0,VIP
1705,P102,C_041,120.0,3,,360.0,VIP
1706,P105,C_014,,1,2023-02-15,,Non-VIP
1707,P105,C_029,120.0,2,2023-03-05,240.0,Non-VIP
1708,P103,C_033,30.0,1,2023-01-12,30.0,Non-VIP
1709,P102,C_088,75.0,1,2023-09-03,75.0,VIP
1710,P101,C_053,120.0,2,,240.0,VIP
1711,P102,C_052,150.0,1,2023-01-19,150.0,Non-VIP
1712,P102,C_025,120.0,3,2023-10-01,360.0,VIP
1713,P104,C_086,150.0,3,2023-08-02,450.0,Non-VIP
1714,P102,C_031,,4,,,VIP
1715,P103,C_033,,5,2023-03-30,,Non-VIP
1716,P103,C_039,,5,,,VIP
1717,P103,C_099,250.5,2,2023-01-23,501.0,VIP
1718,P101,C_084,30.0,5,2023-01-05,150.0,VIP
1719,P105,C_051,120.0,2,2023-03-23,240.0,VIP
1720,P101,C_074,75.0,3,2023-01-10,225.0,Non-VIP
1721,P103,C_051,75.0,1,2023-01-12,75.0,VIP
1722,P103,C_068,150.0,3,2023-01-27,450.0,VIP
1723,P101,C_055,250.5,1,2023-01-01,250.5,Non-VIP
1724,P104,C_067,,4,,,VIP
1725,P104,C_059,250.5,5,2023-02-18,1252.5,VIP
1726,P104,C_084,,1,2023-01-29,,VIP
1727,P104,C_020,150.0,3,2023-03-01,450.0,VIP
1728,P103,C_024,150.0,3,,450.0,VIP
1729,P102,C_020,120.0,1,2023-02-13,120.0,VIP
1730,P105,C_072,,1,2023-02-25,,Non-VIP
1731,P102,C_088,30.0,2,2023-01-07,60.0,VIP
1732,P103,C_037,75.0,4,2023-03-31,300.0,Non-VIP
1733,P105,C_044,,3,2023-02-08,,VIP
1734,P101,C_017,30.0,5,2023-12-03,150.0,VIP
1735,P102,C_017,250.5,1,2023-02-24,250.5,VIP
1736,P103,C_095,,5,2023-03-03,,VIP
1737,P101,C_014,75.0,2,,150.0,Non-VIP
1738,P101,C_071,150.0,3,,450.0,VIP
1739,P104,C_095,250.5,1,2023-03-24,250.5,VIP
1740,P104,C_034,250.5,4,2023-02-17,1002.0,VIP
1741,P104,C_016,250.5,4,2023-01-03,1002.0,VIP
1742,P102,C_045,120.0,1,2023-01-20,120.0,Non-VIP
1743,P101,C_021,,3,2023-11-03,,VIP
1744,P105,C_040,120.0,1,2023-02-19,120.0,VIP
1745,P104,C_079,,4,2023-03-15,,VIP
1746,P104,C_049,150.0,4,2023-01-05,600.0,Non-VIP
1747,P105,C_077,120.0,1,2023-03-21,120.0,Non-VIP
1748,P101,C_068,75.0,2,2023-01-28,150.0,VIP
1749,P102,C_016,30.0,1,,30.0,VIP
1750,P102,C_091,75.0,5,2023-03-02,375.0,Non-VIP
1751,P101,C_022,30.0,5,2023-02-20,150.0,Non-VIP
1752,P103,C_046,120.0,4,2023-01-02,480.0,VIP
1753,P105,C_086,120.0,4,,480.0,Non-VIP
1754,P102,C_029,120.0,5,2023-03-16,600.0,Non-VIP
1755,P101,C_083,150.0,3,2023-10-03,450.0,VIP
1756,P104,C_044,30.0,1,2023-03-04,30.0,VIP
1757,P105,C_071,150.0,2,2023-05-02,300.0,VIP
1758,P102,C_090,120.0,1,,120.0,Non-VIP
1759,P101,C_061,250.5,1,2023-01-31,250.5,VIP
1760,P104,C_045,250.5,1,,250.5,Non-VIP
1761,P103,C_046,30.0,1,2023-03-29,30.0,VIP
1762,P102,C_028,250.5,1,,250.5,VIP
1763,P103,C_064,120.0,1,2023-01-12,120.0,VIP
1764,P104,C_038,30.0,1,2023-03-04,30.0,Non-VIP
1765,P103,C_018,120.0,2,2023-09-01,240.0,Non-VIP
1766,P105,C_062,75.0,5,2023-03-14,375.0,VIP
1767,P102,C_035,75.0,1,2023-02-01,75.0,VIP
1768,P104,C_017,250.5,1,,250.5,VIP
1769,P103,C_070,120.0,4,2023-03-23,480.0,VIP
1770,P101,C_041,250.5,4,,1002.0,VIP
1771,P102,C_071,120.0,5,,600.0,VIP
1772,P102,C_044,,1,2023-12-01,,VIP
1773,P101,C_060,150.0,2,2023-03-15,300.0,VIP
1774,P102,C_093,75.0,1,,75.0,Non-VIP
1775,P104,C_076,150.0,1,2023-02-01,150.0,VIP
1776,P102,C_093,75.0,5,2023-01-02,375.0,Non-VIP
1777,P103,C_088,250.5,1,2023-04-01,250.5,VIP
1778,P103,C_065,30.0,3,,90.0,VIP
1779,P102,C_070,250.5,1,2023-03-08,250.5,VIP
1780,P104,C_085,150.0,1,2023-03-07,150.0,VIP
1781,P103,C_082,,5,,,Non-VIP
1782,P103,C_098,150.0,4,2023-09-01,600.0,VIP
1783,P103,C_092,250.5,3,2023-02-03,751.5,Non-VIP
1784,P103,C_035,75.0,5,2023-01-31,375.0,VIP
1785,P105,C_062,,3,2023-03-29,,VIP
1786,P101,C_094,30.0,3,2023-03-02,90.0,Non-VIP
1787,P104,C_060,,1,2023-03-16,,VIP
1788,P105,C_035,250.5,1,2023-01-29,250.5,VIP
1789,P105,C_092,30.0,1,2023-02-15,30.0,Non-VIP
1790,P103,C_032,,5,,,VIP
1791,P101,C_071,75.0,1,2023-02-03,75.0,VIP
1792,P105,C_034,,3,2023-03-25,,VIP
1793,P102,C_056,75.0,1,2023-09-02,75.0,VIP
1794,P103,C_058,250.5,5,2023-07-02,1252.5,VIP
1795,P101,C_071,150.0,1,2023-03-16,150.0,VIP
1796,P105,C_020,30.0,2,2023-03-06,60.0,VIP
1797,P104,C_078,250.5,4,2023-01-07,1002.0,VIP
1798,P102,C_036,250.5,4,,1002.0,VIP
1799,P102,C_051,,2,2023-11-01,,VIP
1800,P103,C_091,75.0,3,2023-03-23,225.0,Non-VIP
1801,P101,C_068,250.5,2,2023-01-22,501.0,VIP
1802,P102,C_073,150.0,2,,300.0,VIP
1803,P104,C_062,30.0,4,2023-02-19,120.0,VIP
1804,P101,C_079,75.0,1,2023-02-17,75.0,VIP
1805,P103,C_078,75.0,1,2023-03-28,75.0,VIP
1806,P102,C_039,,3,2023-02-09,,VIP
1807,P101,C_060,120.0,5,2023-02-09,600.0,VIP
1808,P101,C_016,250.5,3,2023-02-28,751.5,VIP
1809,P105,C_087,120.0,3,2023-02-25,360.0,VIP
1810,P102,C_054,30.0,3,2023-01-25,90.0,VIP
1811,P104,C_013,75.0,2,2023-01-17,150.0,Non-VIP
1812,P101,C_086,120.0,2,,240.0,Non-VIP
1813,P101,C_059,,3,2023-03-10,,VIP
1814,P101,C_087,150.0,1,2023-01-14,150.0,VIP
1815,P101,C_017,,1,,,VIP
1816,P104,C_026,120.0,3,2023-03-02,360.0,VIP
1817,P102,C_037,,1,2023-03-22,,Non-VIP
1818,P103,C_064,,1,2023-03-26,,VIP
1819,P103,C_090,120.0,1,,120.0,Non-VIP
1820,P101,C_076,,5,,,VIP
1821,P101,C_024,30.0,2,2023-03-19,60.0,VIP
1822,P103,C_077,75.0,3,2023-01-04,225.0,Non-VIP
1823,P103,C_031,150.0,5,2023-03-05,750.0,VIP
1824,P104,C_053,75.0,1,2023-01-02,75.0,VIP
1825,P101,C_025,120.0,1,2023-03-05,120.0,VIP
1826,P101,C_076,150.0,1,,150.0,VIP
1827,P102,C_069,250.5,3,2023-03-01,751.5,VIP
1828,P101,C_033,150.0,3,2023-02-16,450.0,Non-VIP
1829,P103,C_065,,1,2023-01-13,,VIP
1830,P101,C_028,,1,,,VIP
1831,P103,C_067,120.0,3,2023-12-01,360.0,VIP
1832,P103,C_034,150.0,4,,600.0,VIP
1833,P103,C_060,,4,2023-02-23,,VIP
1834,P102,C_025,75.0,1,2023-01-08,75.0,VIP
1835,P101,C_064,120.0,4,2023-03-14,480.0,VIP
1836,P104,C_034,120.0,4,2023-02-15,480.0,VIP
1837,P101,C_098,,2,2023-03-03,,VIP
1838,P101,C_063,30.0,1,2023-09-01,30.0,Non-VIP
1839,P103,C_012,,1,2023-03-09,,Non-VIP
1840,P105,C_083,75.0,1,2023-02-13,75.0,VIP
1841,P105,C_099,,5,,,VIP
1842,P102,C_072,250.5,1,2023-03-28,250.5,Non-VIP
1843,P104,C_030,120.0,5,2023-01-07,600.0,Non-VIP
1844,P102,C_075,30.0,4,2023-01-22,120.0,VIP
1845,P104,C_052,75.0,3,2023-02-05,225.0,Non-VIP
1846,P105,C_039,120.0,1,,120.0,VIP
1847,P102,C_021,30.0,4,,120.0,VIP
1848,P101,C_074,30.0,3,,90.0,Non-VIP
1849,P101,C_024,30.0,4,2023-01-05,120.0,VIP
1850,P105,C_011,150.0,5,2023-03-21,750.0,VIP
1851,P103,C_076,120.0,2,2023-03-25,240.0,VIP
1852,P104,C_054,250.5,1,,250.5,VIP
1853,P103,C_082,120.0,5,2023-03-02,600.0,Non-VIP
1854,P103,C_068,150.0,1,2023-03-26,150.0,VIP
1855,P101,C_054,250.5,1,2023-02-07,250.5,VIP
1856,P105,C_058,,1,2023-01-06,,VIP
1857,P104,C_028,,1,2023-02-22,,VIP
1858,P103,C_089,75.0,2,,150.0,VIP
1859,P102,C_069,75.0,1,2023-02-13,75.0,VIP
1860,P104,C_016,,1,2023-03-17,,VIP
1861,P104,C_069,,5,2023-03-06,,VIP
1862,P104,C_011,120.0,1,2023-01-07,120.0,VIP
1863,P104,C_085,30.0,5,2023-01-23,150.0,VIP
1864,P105,C_033,,2,,,Non-VIP
1865,P105,C_088,250.5,5,,1252.5,VIP
1866,P105,C_099,75.0,3,,225.0,VIP
1867,P103,C_068,75.0,2,2023-02-22,150.0,VIP
1868,P105,C_049,,5,2023-02-10,,Non-VIP
1869,P105,C_091,75.0,2,2023-01-27,150.0,Non-VIP
1870,P103,C_098,250.5,1,2023-01-17,250.5,VIP
1871,P102,C_075,120.0,1,,120.0,VIP
1872,P101,C_056,120.0,4,2023-03-16,480.0,VIP
1873,P104,C_097,,5,2023-06-02,,Non-VIP
1874,P101,C_077,150.0,1,2023-02-18,150.0,Non-VIP
1875,P101,C_096,150.0,2,2023-02-04,300.0,Non-VIP
1876,P103,C_098,250.5,2,2023-01-08,501.0,VIP
1877,P103,C_037,120.0,1,,120.0,Non-VIP
1878,P101,C_089,,1,2023-03-13,,VIP
1879,P105,C_060,75.0,5,,375.0,VIP
1880,P101,C_059,30.0,4,,120.0,VIP
1881,P105,C_017,150.0,1,2023-02-02,150.0,VIP
1882,P105,C_067,75.0,1,2023-04-01,75.0,VIP
1883,P103,C_086,120.0,1,2023-03-19,120.0,Non-VIP
1884,P102,C_048,30.0,2,2023-03-29,60.0,Non-VIP
1885,P102,C_033,,5,,,Non-VIP
1886,P101,C_065,250.5,5,2023-02-03,1252.5,VIP
1887,P102,C_085,250.5,1,2023-12-02,250.5,VIP
1888,P102,C_016,75.0,3,2023-03-18,225.0,VIP
1889,P105,C_095,250.5,4,2023-03-15,1002.0,VIP
1890,P103,C_020,,3,2023-03-09,,VIP
1891,P102,C_077,150.0,5,,750.0,Non-VIP
1892,P105,C_079,30.0,1,2023-02-14,30.0,VIP
1893,P102,C_095,250.5,3,,751.5,VIP
1894,P102,C_090,120.0,4,2023-03-13,480.0,Non-VIP
1895,P101,C_025,,3,2023-02-27,,VIP
1896,P105,C_090,75.0,1,,75.0,Non-VIP
1897,P104,C_025,30.0,3,2023-03-11,90.0,VIP
1898,P103,C_014,120.0,3,2023-03-07,360.0,Non-VIP
1899,P104,C_073,150.0,3,2023-03-25,450.0,VIP
1900,P103,C_076,150.0,1,2023-01-22,150.0,VIP
1901,P105,C_011,,1,2023-01-27,,VIP
1902,P102,C_098,30.0,1,2023-01-27,30.0,VIP
1903,P104,C_093,150.0,1,2023-03-29,150.0,Non-VIP
1904,P101,C_069,,3,2023-01-05,,VIP
1905,P101,C_017,75.0,3,2023-03-13,225.0,VIP
1906,P105,C_040,250.5,4,,1002.0,VIP
1907,P104,C_066,250.5,1,2023-02-19,250.5,Non-VIP
1908,P101,C_079,150.0,1,2023-03-21,150.0,VIP
1909,P105,C_016,,1,2023-02-15,,VIP
1910,P101,C_048,,3,2023-03-19,,Non-VIP
1911,P103,C_067,30.0,4,2023-03-26,120.0,VIP
1912,P104,C_031,120.0,2,2023-01-18,240.0,VIP
1913,P104,C_080,250.5,1,,250.5,VIP
1914,P103,C_012,120.0,5,2023-01-19,600.0,Non-VIP
1915,P101,C_011,120.0,5,2023-02-20,600.0,VIP
1916,P105,C_021,250.5,2,2023-02-14,501.0,VIP
1917,P104,C_093,120.0,2,2023-01-21,240.0,Non-VIP
1918,P102,C_089,250.5,2,2023-01-15,501.0,VIP
1919,P105,C_017,120.0,4,2023-03-24,480.0,VIP
1920,P101,C_048,,1,2023-02-02,,Non-VIP
1921,P102,C_085,30.0,3,2023-02-15,90.0,VIP
1922,P102,C_023,250.5,5,2023-01-09,1252.5,VIP
1923,P103,C_073,30.0,3,2023-03-20,90.0,VIP
1924,P103,C_099,120.0,2,2023-03-14,240.0,VIP
1925,P103,C_051,30.0,2,2023-01-01,60.0,VIP
1926,P102,C_039,,1,,,VIP
1927,P103,C_057,75.0,1,2023-12-02,75.0,Non-VIP
1928,P104,C_068,250.5,3,2023-03-04,751.5,VIP
1929,P101,C_033,,5,2023-11-01,,Non-VIP
1930,P102,C_079,75.0,3,2023-03-22,225.0,VIP
1931,P101,C_013,120.0,1,2023-01-04,120.0,Non-VIP
1932,P105,C_062,120.0,2,2023-01-05,240.0,VIP
1933,P103,C_080,120.0,4,2023-03-25,480.0,VIP
1934,P103,C_061,75.0,5,2023-02-07,375.0,VIP
1935,P104,C_075,120.0,1,,120.0,VIP
1936,P105,C_012,,2,2023-03-20,,Non-VIP
1937,P102,C_076,75.0,4,2023-01-21,300.0,VIP
1938,P105,C_083,,2,2023-03-03,,VIP
1939,P101,C_039,30.0,2,2023-09-01,60.0,VIP
1940,P103,C_040,150.0,1,2023-01-27,150.0,VIP
1941,P103,C_060,30.0,4,2023-01-06,120.0,VIP
1942,P103,C_024,,5,,,VIP
1943,P103,C_085,120.0,5,,600.0,VIP
1944,P104,C_057,120.0,1,2023-01-10,120.0,Non-VIP
1945,P103,C_059,75.0,5,,375.0,VIP
1946,P103,C_073,30.0,5,2023-01-01,150.0,VIP
1947,P102,C_067,75.0,2,2023-01-10,150.0,VIP
1948,P103,C_038,75.0,2,,150.0,Non-VIP
1949,P105,C_026,,2,,,VIP
1950,P101,C_072,,4,2023-03-03,,Non-VIP
1951,P105,C_031,,4,2023-01-03,,VIP
1952,P101,C_027,120.0,5,2023-01-21,600.0,VIP
1953,P105,C_016,120.0,2,2023-01-08,240.0,VIP
1954,P103,C_034,120.0,4,2023-03-18,480.0,VIP
1955,P101,C_095,250.5,1,,250.5,VIP
1956,P105,C_071,30.0,2,,60.0,VIP
1957,P105,C_029,120.0,2,2023-03-21,240.0,Non-VIP
1958,P105,C_044,75.0,1,,75.0,VIP
1959,P104,C_087,120.0,1,,120.0,VIP
1960,P104,C_027,150.0,1,2023-01-26,150.0,VIP
1961,P105,C_098,30.0,2,2023-03-19,60.0,VIP
1962,P102,C_071,120.0,5,2023-01-05,600.0,VIP
1963,P105,C_026,150.0,4,2023-03-26,600.0,VIP
1964,P105,C_080,150.0,1,,150.0,VIP
1965,P105,C_064,250.5,1,2023-03-31,250.5,VIP
1966,P104,C_040,30.0,4,2023-02-14,120.0,VIP
1967,P105,C_023,30.0,2,2023-02-02,60.0,VIP
1968,P102,C_021,250.5,5,2023-11-03,1252.5,VIP
1969,P103,C_035,150.0,1,2023-01-01,150.0,VIP
1970,P105,C_026,120.0,1,2023-02-18,120.0,VIP
1971,P102,C_099,250.5,4,2023-02-16,1002.0,VIP
1972,P102,C_065,,5,2023-02-02,,VIP
1973,P105,C_065,120.0,3,,360.0,VIP
1974,P104,C_037,30.0,5,,150.0,Non-VIP
1975,P102,C_058,120.0,5,2023-03-03,600.0,VIP
1976,P103,C_084,250.5,1,2023-02-20,250.5,VIP
1977,P102,C_095,150.0,1,,150.0,VIP
1978,P102,C_023,75.0,5,,375.0,VIP
1979,P105,C_089,,1,2023-04-01,,VIP
1980,P102,C_060,,1,2023-01-12,,VIP
1981,P104,C_087,30.0,1,2023-09-01,30.0,VIP
1982,P102,C_058,150.0,5,2023-01-05,750.0,VIP
1983,P104,C_062,120.0,1,2023-08-03,120.0,VIP
1984,P105,C_018,75.0,1,2023-05-03,75.0,Non-VIP
1985,P101,C_036,,5,2023-02-06,,VIP
1986,P101,C_087,120.0,5,2023-03-31,600.0,VIP
1987,P105,C_032,,1,2023-02-16,,VIP
1988,P101,C_031,150.0,3,,450.0,VIP
1989,P104,C_062,120.0,2,2023-03-08,240.0,VIP
1990,P101,C_022,120.0,3,2023-03-13,360.0,Non-VIP
1991,P103,C_055,250.5,2,2023-03-19,501.0,Non-VIP
1992,P104,C_062,120.0,1,2023-02-03,120.0,VIP
1993,P104,C_075,150.0,5,2023-01-10,750.0,VIP
1994,P103,C_054,150.0,5,2023-02-02,750.0,VIP
1995,P105,C_043,,4,2023-02-18,,Non-VIP
1996,P104,C_042,250.5,4,,1002.0,VIP
1997,P105,C_014,30.0,1,2023-02-03,30.0,Non-VIP
1998,P104,C_092,75.0,1,2023-03-31,75.0,Non-VIP
1999,P103,C_063,250.5,5,2023-03-10,1252.5,Non-VIP
2000,P103,C_042,250.5,1,2023-02-21,250.5,VIP
